Site ID,Location Description,Speed Limit,Reason Code(s),Latitude,Longitude,Geo Location,Location Assessment
4289,EB 11A Ave btwn 60 - 56 St,30,Designated Zone - Playground;,53.44046389,-113.42804821,"(53.440463892044015, -113.42804821135914)",https://drive.google.com/file/d/1BM9cOoaNe0zfYjpvN4uipJ9dXY5UGjT8/view?usp=drivesdk
4199,SB 172 St Btwn 64 Ave - N or Callingwood Rd,30,Designated Zone - Playground;,53.49946590,-113.62096005,"(53.4994659041151, -113.62096005447977)",https://drive.google.com/file/d/1yj3AIsL02-lVBo8ihDCenrPbm1yz56wb/view?usp=drivesdk
7219,SB 104 St Btwn University Ave - 73 Ave,50,Higher Frequency of Speeding;,53.51047043,-113.49767867,"(53.51047043068032, -113.49767866587726)",https://drive.google.com/file/d/15maFz6lNfLpQx3RimBoGSXhs0-aohA4S/view?usp=drivesdk
7212,WB Ellerslie Rd SW between 85 - 91 St SW,60,Higher Frequency of Collisions;,53.42498377,-113.46807723,"(53.42498376639928, -113.46807722905109)",https://drive.google.com/file/d/1HGdyMbEoAQPY5XQHA9LNraJN69J7iRXt/view?usp=drivesdk
4093,NB 62 St btwn 144 - 145 Ave,30,Designated Zone - Playground;,53.60608923,-113.43733461,"(53.606089230730554, -113.43733460527618)",https://drive.google.com/file/d/1__WjfllGYpTTTxNygOAptXQ9hf3nuMrn/view?usp=drivesdk
247,WB Yellowhead Trail at 50 St,80,Higher Frequency of Speeding;,53.58249321,-113.41882007,"(53.582493213668364, -113.41882006876673)",https://drive.google.com/file/d/1eJIjWzSCDh6X-iuHsn222ETH-HtOQxVJ/view?usp=drivesdk
4117,SB 76 St south of 40 - 38 Ave,30,Designated Zone - Playground;,53.47490073,-113.45032620,"(53.474900731544125, -113.45032619523234)",https://drive.google.com/file/d/1E_lkjtwaBF0y7QisjYwYY6h_c1LVhbma/view?usp=drivesdk
4213,SB 175 St Btwn 85 - 82 Ave,30,Designated Zone - Playground;,53.51692157,-113.62364254,"(53.51692157132071, -113.62364253516057)",https://drive.google.com/file/d/1WVfVOJGm4GQPZ29DY-CyWAHE7bb2cjo4/view?usp=drivesdk
7204,WB Ellerslie Rd SW between Calgary Tr - 109 St SW,60,Higher Frequency of Collisions;,53.42493883,-113.50195143,"(53.4249388325714, -113.50195142929952)",https://drive.google.com/file/d/1GMf372-Ayw6DNT9urjN84tPDz3zcEC6z/view?usp=drivesdk
2766,SB Fort Rd between 131 - 128 Ave,50,Higher Frequency of Speeding;,53.58825963,-113.43632889,"(53.588259628440895, -113.43632888503222)",https://drive.google.com/file/d/1VTpLQb03caXojOXWVwuEkq5c0xECMQsF/view?usp=drivesdk
4203,EB 76 Ave Btwn 177 - 172 St,30,Designated Zone - Playground;,53.50898981,-113.62388929,"(53.50898980581402, -113.62388928603133)",https://drive.google.com/file/d/1zlttL2o9axxfOGD6aaf6Pq_HZQYaHEeH/view?usp=drivesdk
4013,WB 132 Ave btwn 86 - 88 St,30,Designated Zone - Playground;,53.59217056,-113.47441624,"(53.592170557531134, -113.47441623584442)",https://drive.google.com/file/d/1uwF3bgR4jZb3gaiIccwHDQELuWoTbxCC/view?usp=drivesdk
4021,NB Jackson Rd btwn Jordan Cres - Jefferson Rd,30,Designated Zone - Playground;,53.48427241,-113.40836015,"(53.484272408361804, -113.40836014846559)",https://drive.google.com/file/d/1nlIgRUzkf6L9aG7ln-mK--G_ErU9GQUD/view?usp=drivesdk
4110,SB 65 St btwn 106 - 104 Ave,30,Designated Zone - Playground;,53.54796305,-113.43124335,"(53.54796305009052, -113.43124335033538)",https://drive.google.com/file/d/1YsjHALWpWuD49pwLN26elqLEOg6g4B75/view?usp=drivesdk
4123,NB 184 St - N of Dechene Rd - 57 Ave,30,Designated Zone - Playground;,53.48997543,-113.64130604,"(53.48997543447076, -113.64130603816149)",https://drive.google.com/file/d/1uoYb0SF0nzA95pkLTw9UmxjJOMBunBng/view?usp=drivesdk
4094,SB 62 St btwn 145 - 144 Ave,30,Designated Zone - Playground;,53.60608923,-113.43733461,"(53.606089230730554, -113.43733460527618)",https://drive.google.com/file/d/13Oqw-P52U3MpF9tfagykGCi1_kVi-c87/view?usp=drivesdk
4072,SB 48 St btwn 32 - 28 Ave,30,Designated Zone - Playground;,53.46135602,-113.41662593,"(53.46135601954016, -113.41662593278193)",https://drive.google.com/file/d/1fSDWy6OSxtKXb2lva8PD5y5zXX1a9CAE/view?usp=drivesdk
7203,EB Ellerslie Rd btwn James Mowatt Tr SW-Calgary Tr,60,Higher Frequency of Collisions;,53.42478911,-113.50519706,"(53.42478911156188, -113.50519705924975)",https://drive.google.com/file/d/15wlSVtXKOuGLvig582rK9Upf8o_sdhxv/view?usp=drivesdk
4050,SB 109 St btwn 164 Ave - Beaumaris Rd,30,Designated Zone - Playground;,53.62354530,-113.50869668,"(53.623545298974335, -113.50869667837335)",https://drive.google.com/file/d/1RwUXLXHRDOjlsZZ44M8jdLKpR36i5HI1/view?usp=drivesdk
7192,WB Whitemud Dr between North Sask River - 149 St,80,Higher Frequency of Collisions;,53.51093366,-113.56929740,"(53.510933658754574, -113.5692973969595)",https://drive.google.com/file/d/1cSYxLo3VvmU53Ww8BIIxg-nXxJBsLnQU/view?usp=drivesdk
4214,EB 76 Ave Btwn 156 - 154 St,30,Designated Zone - Playground;,53.50789036,-113.58788156,"(53.50789036430484, -113.58788156205767)",https://drive.google.com/file/d/19S9pP6yk4LDv_3m-NcuGlr_bruPuLCjr/view?usp=drivesdk
2482,NB 66 St between 144 - 149 Ave,60,Higher Frequency of Collisions;,53.60753274,-113.44273552,"(53.60753274326132, -113.44273551682349)",https://drive.google.com/file/d/1hbPV5hoESshXBZfVTLUsyALA0hBgNGzO/view?usp=drivesdk
4198,NB 172 St N of Callingwood Rd - 64 Ave,30,Designated Zone - Playground;,53.49946590,-113.62096005,"(53.4994659041151, -113.62096005447977)",https://drive.google.com/file/d/1dyo3XQ77fDFTGDX1eJWc25-lml6Fcx5m/view?usp=drivesdk
7211,EB Ellerslie Rd SW btwn 91 St - Summerside Dr SW,60,Higher Frequency of Collisions;,53.42483849,-113.46807465,"(53.42483849349509, -113.46807465401628)",https://drive.google.com/file/d/19fnpFptso8pNjyQ5rBllelJloR8i-D7I/view?usp=drivesdk
4254,NB 117 St Btwn 142 - 144 Ave,30,Designated Zone - Playground;,53.60529603,-113.52321102,"(53.60529603042459, -113.52321102356127)",https://drive.google.com/file/d/1SVSDs_YGkcEFZjvhIEeNDZ0g72AnC5ML/view?usp=drivesdk
4064,EB Blackmud Crk Dr SW btn James Mowatt Tr-Baker Close,30,Designated Zone - Playground;,53.42093105,-113.51443148,"(53.420931050462066, -113.51443148312553)",https://drive.google.com/file/d/1HRM_ElnYnlc6tI-TQKGBtykBDbvcSljT/view?usp=drivesdk
2729,EB Princess Elizabeth Ave between 106 - 102 St,50,Higher Frequency of Speeding;,53.56806178,-113.49916298,"(53.56806178232219, -113.49916297999883)",https://drive.google.com/file/d/1zh-GHhO4zZoAnDoFg0vGKts3jIBEe5Mu/view?usp=drivesdk
4321,WB 40 Ave Btwn 115 A - 119 St,30,Designated Zone - Playground;,53.47639220,-113.53521476,"(53.476392198869945, -113.53521476035824)",https://drive.google.com/file/d/1z6qkLlKVr43Icsp0VR7ZuzHrUZShTITE/view?usp=drivesdk
4180,SB Windermere Rd Btwn Whitelaw Ln-Windermere Blvd,30,Designated Zone - Playground;,53.44112794,-113.61706553,"(53.441127941543115, -113.61706553147725)",https://drive.google.com/file/d/1AqM95O7C21EiawI__htvlsIWdSyk4iag/view?usp=drivesdk
4007,SB Leger Way btwn Lawrence Court - Leger Road,30,Designated Zone - Playground;,53.45946157,-113.57590239,"(53.45946156766056, -113.57590238527693)",https://drive.google.com/file/d/1UnaT7RnyPHEZxYoAzFeu77Tf2l7CM9Zv/view?usp=drivesdk
7115,NB 170 St between 114 - 117 Ave,60,Higher Frequency of Collisions;,53.56523069,-113.61518500,"(53.56523069451859, -113.61518499940277)",https://drive.google.com/file/d/183qmAnppfHFd0bqjNf9hRcnqMDbbi9Ol/view?usp=drivesdk
7117,NB 170 St between 109 - 110 Ave,60,Higher Frequency of Speeding; Higher Frequency of Collisions;,53.55689727,-113.61519067,"(53.55689726816234, -113.61519066747778)",https://drive.google.com/file/d/1YP-o0ETtQR1qEUxsZKRS_E7fHyekzRxY/view?usp=drivesdk
4259,WB 109A Ave Btwn 135-139 St,30,Designated Zone - Playground;,53.55577479,-113.55844832,"(53.55577478613679, -113.55844831871822)",https://drive.google.com/file/d/1SkW2K5wfhyQAs0YNVkbJyyf34jsH7uIE/view?usp=drivesdk
2648,SB 50 St between Jamha Rd - 44 Ave,60,Higher Frequency of Collisions;,53.48339439,-113.41832640,"(53.48339438971291, -113.41832639606906)",https://drive.google.com/file/d/1ZNSeWuYDDqei8qSN0xZCwEUCdfw3OjIO/view?usp=drivesdk
2775,SB 156 St between 109 - 108 Ave,50,Higher Frequency of Collisions;,53.55339006,-113.59038475,"(53.553390059786665, -113.59038475472055)",https://drive.google.com/file/d/1Do2LA5b0Q0OpR45SuYwW6i_YMu3_MpZQ/view?usp=drivesdk
2603,WB 137 Ave between 58 - 63 St,60,Higher Frequency of Collisions;,53.59960674,-113.43470881,"(53.5996067411033, -113.43470880621332)",https://drive.google.com/file/d/1qNJ1lTmflF97ZZ_OxU3uaSyDL7ruSMc1/view?usp=drivesdk
4132,WB 91 Ave Btwn 143 - 145 St,30,Designated Zone - Playground;,53.52486922,-113.56878150,"(53.52486922018555, -113.56878149892732)",https://drive.google.com/file/d/15yBJsSrHdQHeZW4XTFA73YO0vIOzvVgO/view?usp=drivesdk
4243,WB 92 Ave Btwn 159 St - E of 163 St,30,Designated Zone - Playground;,53.52668960,-113.59599539,"(53.52668960171698, -113.59599538781336)",https://drive.google.com/file/d/1GDsVmOLniDw_z1xEqlfQScb0sr4xVTTc/view?usp=drivesdk
7268,NB 50 St between Eleniak Rd - 68 Ave,60,Higher Frequency of Collisions;,53.50274883,-113.41811034,"(53.50274883461832, -113.41811034188626)",https://drive.google.com/file/d/15jgER2dYNEtm33EDSJAilYHmSEk2SNMu/view?usp=drivesdk
4195,SB 79 St Btwn 95 - 94 Ave,30,Designated Zone - Playground;,53.53195597,-113.44808665,"(53.53195597179193, -113.4480866455394)",https://drive.google.com/file/d/13qMWUpA-ap8C79vBmNFOM-dDL7aIIvRy/view?usp=drivesdk
2543,EB 82 Ave between 89 - 87 St,50,Higher Frequency of Speeding; Higher Frequency of Collisions;,53.51802663,-113.46439597,"(53.51802662570551, -113.4643959671959)",https://drive.google.com/file/d/1WhRwVhxUfeJsOGPdN9tLLZTODUnb8zRZ/view?usp=drivesdk
4295,SB 58 St btwn 94 - 92B Ave,30,Designated Zone - Playground;,53.53037247,-113.42374067,"(53.53037246697097, -113.42374066919963)",https://drive.google.com/file/d/1VE9WLhZgjbk9Z-ci2aEV5i88Ocv_auzg/view?usp=drivesdk
4133,EB 91 Ave Btwn 145 - 143 St,30,Designated Zone - Playground;,53.52486922,-113.56878150,"(53.52486922018555, -113.56878149892732)",https://drive.google.com/file/d/1ehuY-RymYqv7JPgi-_ng-aS0BfDb2SVs/view?usp=drivesdk
4324,WB Watt Blvd btwn 56 - 60 St SW,30,Designated Zone - Playground;,53.43048023,-113.43077650,"(53.43048023068922, -113.4307764963001)",https://drive.google.com/file/d/183SXSjQELDzvXf0XAINvDVCIhGK2sdeM/view?usp=drivesdk
2445,NB 142 St btwn 104A - 105 Ave,50,Higher Frequency of Speeding;,53.54725371,-113.56574834,"(53.54725370502129, -113.565748338816)",https://drive.google.com/file/d/1AJWU4IQcSOynGJdhzQY0src0q1oA26nE/view?usp=drivesdk
4212,NB 175 St btwn 82 - 85 Ave,30,Designated Zone - Playground;,53.51692157,-113.62364254,"(53.51692157132071, -113.62364253516057)",https://drive.google.com/file/d/1AckYuaV2Alfw28XNN3yFHTlt5JGFuj48/view?usp=drivesdk
2468,WB 132 Ave between 119 - 121 St,50,Higher Frequency of Speeding;,53.59215843,-113.52860163,"(53.592158428579005, -113.52860163175355)",https://drive.google.com/file/d/1v2A1c6nDz-Y4JDGGS5m-yxW9buuF6HfR/view?usp=drivesdk
4040,EB 38 Ave btwn Grand Meadow Cres - W of 55 St,30,Designated Zone - Playground;,53.47312159,-113.42754125,"(53.473121593120354, -113.42754125442447)",https://drive.google.com/file/d/1Hm99b1vg6ck1jMQbujaZqI_IbQ3pfa9k/view?usp=drivesdk
4166,WB 114 Ave Btwn 36 - 38 St,30,Designated Zone - Playground;,53.56680278,-113.39815384,"(53.56680278357198, -113.3981538398081)",https://drive.google.com/file/d/1_b09dCOm1or29wrnfm_jgKs3VvbqFx6-/view?usp=drivesdk
4242,EB 92 Ave E of 163 - 160 St,30,Designated Zone - Playground;,53.52668960,-113.59599539,"(53.52668960171698, -113.59599538781336)",https://drive.google.com/file/d/1ufi0D2u57_uad5Zsxu318rPHYHZx2MkW/view?usp=drivesdk
4317,WB 12 Ave btwn 113 St - Twin Brooks Dr,30,Designated Zone - Playground;,53.44339902,-113.52606381,"(53.443399023669244, -113.5260638064582)",https://drive.google.com/file/d/1JgNmm4dXT-p5J9kLEnyDd2lwm-XfiPdV/view?usp=drivesdk
4049,NB 109 St btwn Beaumaris Rd - 164 Ave,30,Designated Zone - Playground;,53.62354530,-113.50869668,"(53.623545298974335, -113.50869667837335)",https://drive.google.com/file/d/10gA0IYBiON1wUzomnD-QHZXbvVE2lPMx/view?usp=drivesdk
2619,NB 50 St between 102 - 104A Ave,50,Higher Frequency of Collisions;,53.54501754,-113.41842687,"(53.54501754205138, -113.4184268745926)",https://drive.google.com/file/d/1BSu76J2LRfPx71VZM7iEVMfMt9mqbRby/view?usp=drivesdk
4290,SB Millbourne Rd E btwn Lee Ridge Rd - 36A Ave,30,Designated Zone - Playground;,53.47138705,-113.44414540,"(53.47138705172941, -113.44414539530051)",https://drive.google.com/file/d/1bLxq3Fa7xvnq_S2yKNL69VDb7_0E1oEy/view?usp=drivesdk
4218,NB 91 St N of 172 - 175 Ave,30,Designated Zone - Playground;,53.63539032,-113.47968113,"(53.63539032361693, -113.47968112520016)",https://drive.google.com/file/d/1Keg9hmBrj1cTI7otdq7ERRtfJYl5iQy7/view?usp=drivesdk
4178,EB 64 Ave Btwn 177-172 St,30,Designated Zone - Playground;,53.50026948,-113.62386995,"(53.50026948412953, -113.62386994515339)",https://drive.google.com/file/d/1WEmM7PQzdFPsobS2puc1DZT7hvMxrhd0/view?usp=drivesdk
4177,SB 163 St Btwn 104 - 103 Ave,30,Designated Zone - Playground;,53.54563480,-113.60263291,"(53.545634803269266, -113.6026329080284)",https://drive.google.com/file/d/1B9nbxuK6r5lMClF_T7RJIeDwo18bsl8m/view?usp=drivesdk
2704,EB 101 Ave between 70 - 67 St,50,Higher Frequency of Speeding;,53.54119252,-113.43382707,"(53.54119251531244, -113.4338270650679)",https://drive.google.com/file/d/1fuqsAuHN7CgQLAOpD1gKo2HJNQRg5JQz/view?usp=drivesdk
7202,SB 127 St between 137 - 135 Ave,50,Higher Frequency of Collisions;,53.59775266,-113.54117560,"(53.597752663442826, -113.54117559776977)",https://drive.google.com/file/d/1Aw6TGx0AjOJUjOZtAT-R1jPQpNbT1-hq/view?usp=drivesdk
4142,NB 182 St N of 89 - 93 Ave,30,Designated Zone - Playground;,53.52631135,-113.63921917,"(53.526311351240295, -113.63921917173597)",https://drive.google.com/file/d/1kV7Pt2s4UF2Fsfvj1tA4xku91mM8LWfB/view?usp=drivesdk
4304,EB Saddleback Rd btwn 114 St - W of 111A St,30,Designated Zone - Playground;,53.44973844,-113.52170968,"(53.44973843891619, -113.5217096754549)",https://drive.google.com/file/d/1m3Zr8a0FLzegnwT8GAJwTQXXlftwB-qm/view?usp=drivesdk
4182,SB 106 St Btwn 60A - 56 Ave,30,Designated Zone - Playground;,53.49477751,-113.50440225,"(53.49477751184964, -113.50440225293553)",https://drive.google.com/file/d/1y4xDtgFOtmN9QoKZuDAPryYMVgaCuB2M/view?usp=drivesdk
4167,EB 114 Ave btwn 38 - 36 St,30,Designated Zone - Playground;,53.56680278,-113.39815384,"(53.56680278357198, -113.3981538398081)",https://drive.google.com/file/d/16OYq4oZLctqQbPurJDNFNWbtZdQa_BAL/view?usp=drivesdk
4047,WB Fairway Dr btwn 119 - 121 St,30,Designated Zone - Playground;,53.47271820,-113.54122664,"(53.472718196368305, -113.54122664333487)",https://drive.google.com/file/d/1HqRdZzR64UFyaucIIYcaD5bpbMpVGPDP/view?usp=drivesdk
4044,SB 167 St S of 83 - 80 Ave,30,Designated Zone - Playground;,53.51519557,-113.60939505,"(53.51519556511579, -113.6093950498643)",https://drive.google.com/file/d/1vLznUyzb0MVho6N3ZibyHGZc3pkluJKT/view?usp=drivesdk
4188,NB 91 St Btwn 86 Ave - S of 88 Ave,30,Designated Zone - Playground;,53.52255780,-113.46744056,"(53.52255780035001, -113.46744056382475)",https://drive.google.com/file/d/1TsiKOxyALPX4LqaVEqRZwUE6zKPpZzHf/view?usp=drivesdk
4127,NB 156 St N of 81 - 84 Ave,30,Designated Zone - Playground;,53.51626415,-113.59034063,"(53.51626415115854, -113.59034063264448)",https://drive.google.com/file/d/1ytDn2DajCaMDI2OJIbcnUQoGv6Q26D2D/view?usp=drivesdk
4291,NB Millbourne Rd E btwn 36A Ave - Lee Ridge Rd,30,Designated Zone - Playground;,53.47138705,-113.44414540,"(53.47138705172941, -113.44414539530051)",https://drive.google.com/file/d/1LMosp4jzWz6zK3dmSPVoMzMl9kshgoeu/view?usp=drivesdk
2781,NB 149 St. Between 80 - 84 Ave,60,Higher Frequency of Speeding; Higher Frequency of Collisions;,53.51582617,-113.57789933,"(53.51582616880713, -113.57789932617908)",https://drive.google.com/file/d/1WhDarZp1CXlR0QUXlySX9iu9-g17cefO/view?usp=drivesdk
4092,EB 144 Ave E of 92 St - 88A St,30,Designated Zone - Playground;,53.60570499,-113.47865494,"(53.60570499297158, -113.47865493879011)",https://drive.google.com/file/d/1TjnLbd4BJdJKm611enSQqFYbhuu9b7-7/view?usp=drivesdk
4113,WB 76 Ave btwn 105 - 106 St,30,Designated Zone - Playground;,53.51227347,-113.50245064,"(53.51227346914462, -113.50245064079489)",https://drive.google.com/file/d/113DX1V5i5q5EqQrOh1fWmaWJCVxqrtos/view?usp=drivesdk
4294,NB 58 St btwn 92B - 94 Ave,30,Designated Zone - Playground;,53.53037247,-113.42374067,"(53.53037246697097, -113.42374066919963)",https://drive.google.com/file/d/1HTXahe880phPTkys9Wr8w_Q8PdZS3yd8/view?usp=drivesdk
4080,SB 145 St btwn 89A - 88 Ave,30,Designated Zone - Playground;,53.52125471,-113.57027852,"(53.521254708016684, -113.57027852073288)",https://drive.google.com/file/d/1pYcF4vg3XsWbvOAHePeEszW_NG6dlmYE/view?usp=drivesdk
4001,EB 172 Ave  W of 107 - E of 104 St,30,Designated Zone - Playground;,53.63328375,-113.50519936,"(53.63328375409369, -113.50519935959072)",https://drive.google.com/file/d/1uZqS5zTen6btAf444uIEYTC0TjhMV_zX/view?usp=drivesdk
4038,SB Woodvale Rd E south of 35 Ave - Hillview Cres,30,Designated Zone - Playground;,53.46798937,-113.42545040,"(53.4679893737554, -113.42545040037963)",https://drive.google.com/file/d/1bfqY-4kNudhDVJDZBaAVNHaqTyeMa7Nl/view?usp=drivesdk
4169,SB 135 St Btwn Woodcroft Ave - 116 Ave,30,Designated Zone - Playground;,53.56747910,-113.55514240,"(53.56747909937096, -113.55514240398143)",https://drive.google.com/file/d/1fbvlxkYxrz0JSsY-1ibLq9leAz6h8fOU/view?usp=drivesdk
4048,EB Fairway Dr btwn 121 - 119 St,30,Designated Zone - Playground;,53.47271820,-113.54122664,"(53.472718196368305, -113.54122664333487)",https://drive.google.com/file/d/1OiSkMboHTjeu--7Hbr_s1jDNRz4JYLuO/view?usp=drivesdk
7166,SB 91 St between 23 Ave - Anthony Henday Dr,70,Higher Frequency of Speeding; Higher Frequency of Collisions;,53.44594757,-113.46681048,"(53.44594757202398, -113.46681047604511)",https://drive.google.com/file/d/1QJuiRL77i8unaZcZQXx18nkJVPMENbes/view?usp=drivesdk
4088,EB 37A Ave E of 28 - 23 St,30,Designated Zone - Playground;,53.47252750,-113.37907126,"(53.47252749947279, -113.37907125590547)",https://drive.google.com/file/d/1a0Wlq6ePsAMlZJVRPBK5uQ92AxNNzucB/view?usp=drivesdk
2567,WB 107 Ave between 144 - 149 St,60,Higher Frequency of Collisions;,53.55110287,-113.57324353,"(53.551102866989766, -113.57324352837934)",https://drive.google.com/file/d/1I3PnrPi6xwWwiDIwWwO3p9isTOY6NWAc/view?usp=drivesdk
4224,NB 103 St W of 161 - S of 164 Ave,30,Designated Zone - Playground;,53.62354171,-113.50094777,"(53.62354170988341, -113.50094777381058)",https://drive.google.com/file/d/1bErO5Wfa_HtfF4p3zB9oPMZ1g5rHOXcJ/view?usp=drivesdk
4061,NB 59 St btwn 62 St - McLeod Rd,30,Designated Zone - Playground;,53.60800247,-113.43338388,"(53.60800246814048, -113.43338387944146)",https://drive.google.com/file/d/1xq4VPbJnB-reLco929RAmJnUM6TXc4a6/view?usp=drivesdk
4202,WB 76 Ave Btwn 172 - 177 St,30,Designated Zone - Playground;,53.50898981,-113.62388929,"(53.50898980581402, -113.62388928603133)",https://drive.google.com/file/d/1E-TA_0o_QZemNHJZgjmKD8U7voZboiYb/view?usp=drivesdk
2566,EB 107 Ave between 149 - 144 St,60,Higher Frequency of Collisions;,53.55101953,-113.57322832,"(53.551019534232836, -113.57322831944614)",https://drive.google.com/file/d/1frkVYSxgyR4S0hKVOrEt8jNqUPQ5fZou/view?usp=drivesdk
4234,EB 110 Ave Btwn 161 - 159 St,30,Designated Zone - Playground;,53.55604253,-113.59660720,"(53.55604252674655, -113.59660720214636)",https://drive.google.com/file/d/1c6q0W7fpuAtEmviySk3Ct6t-QbySB4h7/view?usp=drivesdk
4231,WB 144 Ave Btwn 57 - 62 St,30,Designated Zone - Playground;,53.60568142,-113.43325094,"(53.605681424818755, -113.43325093972578)",https://drive.google.com/file/d/1ZJI_FoobvdVEM5crGWlUMYbB0VHcCwn6/view?usp=drivesdk
4222,NB 21 St Btwn 146 - 151 Ave,30,Designated Zone - Playground;,53.61070802,-113.37193946,"(53.61070802432416, -113.37193945529074)",https://drive.google.com/file/d/1f1IxJ_Ac7Ip4MX5ObCaXCL7R-nPe3968/view?usp=drivesdk
4297,WB Silver Berry Rd btwn 24 - 32 St,30,Designated Zone - Playground;,53.45708125,-113.38191265,"(53.4570812520896, -113.38191264829193)",https://drive.google.com/file/d/1wiI23w2F4_kaac7PIuzcyNYuuxacqA_K/view?usp=drivesdk
7221,SB St Albert Tr between 134 - 132 Ave,60,Higher Frequency of Speeding;,53.59348307,-113.56879549,"(53.59348307203758, -113.56879548717544)",https://drive.google.com/file/d/1fsASPwJPMfICcDaIOuQfSIDJej3XZgsv/view?usp=drivesdk
2590,NB 170 St between 114 - 117 Ave,60,Higher Frequency of Collisions;,53.56523069,-113.61518500,"(53.56523069451859, -113.61518499940277)",https://drive.google.com/file/d/1iQS-2vqQ0DyjUxJ1jcFM2S1El9HtSPoV/view?usp=drivesdk
4275,WB Cumberland Rd btwn W of 134 - 139 St,30,Designated Zone - Playground;,53.60804271,-113.55620592,"(53.608042705193384, -113.55620591626803)",https://drive.google.com/file/d/1hHlGKzFPu5A_vCspwB_tbekauhqPeHWm/view?usp=drivesdk
4296,EB Silver Berry Rd btwn 32 - 24 St,30,Designated Zone - Playground;,53.45708125,-113.38191265,"(53.4570812520896, -113.38191264829193)",https://drive.google.com/file/d/1wRw94Za3pdXlL8lBbTCAF3WlqnaLhN4L/view?usp=drivesdk
2501,WB Jasper Ave between 87 - 90 St,50,Higher Frequency of Collisions;,53.55270482,-113.47276308,"(53.552704818807086, -113.472763077174)",https://drive.google.com/file/d/13PMBO2mIHeYMFSgRsna1MbJdAbiIlGwv/view?usp=drivesdk
2728,WB 111 Ave between 116 - 119 St,60,Higher Frequency of Collisions;,53.55894082,-113.52415980,"(53.55894082025293, -113.52415980152843)",https://drive.google.com/file/d/1hShdCH4wK6Wus_d3_I1CgFlNUEaR2ytu/view?usp=drivesdk
4163,WB Millwoods Rd S E of 74 - 80 St,30,Designated Zone - Playground;,53.44555901,-113.44961739,"(53.445559014735075, -113.4496173870766)",https://drive.google.com/file/d/1O0xg6MvYzJkNldVEIqEfynFzD3xZaE3m/view?usp=drivesdk
2644,NB 142 St between Valleyview Dr - 95 Ave,60,Higher Frequency of Speeding;,53.52998780,-113.56558987,"(53.529987797001866, -113.56558986918493)",https://drive.google.com/file/d/1GeV6Ehb988bFO8RTg-RXb8LfuDOEJEsc/view?usp=drivesdk
7208,WB Whitemud Dr between 91 - 99 St,80,Higher Frequency of Collisions;,53.48134790,-113.47668562,"(53.48134789798667, -113.47668562026205)",https://drive.google.com/file/d/1FNysF3ScJBcmYOheeuzVRxpZnMHV8oE6/view?usp=drivesdk
4323,EB Watt Blvd btwn 60 - 56 St SW,30,Designated Zone - Playground;,53.43048023,-113.43077650,"(53.43048023068922, -113.4307764963001)",https://drive.google.com/file/d/193N7fU7-PSJW0g_KcUwZBNKOSK16MzNt/view?usp=drivesdk
4233,EB 162 Ave 375 M W of 115 - 115 St,30,Designated Zone - Playground;,53.62281681,-113.52620058,"(53.62281680878117, -113.52620058313609)",https://drive.google.com/file/d/1VJ_Lh_-YqeyPoNH1srC9Wo11eruJ3tuj/view?usp=drivesdk
4220,NB 72 St Btwn 144 - 149 A Ave,30,Designated Zone - Playground;,53.60847049,-113.44946476,"(53.608470492093396, -113.44946476336366)",https://drive.google.com/file/d/1XDBnSdWk5BWmJn7CLMwdmzWUpcVDRcj4/view?usp=drivesdk
4318,SB 130 St btwn N of 113 - 111 Ave,30,Designated Zone - Playground;,53.56060102,-113.54620872,"(53.56060101939783, -113.54620871667127)",https://drive.google.com/file/d/1AmTY05bR9wFf5_Zm_N-aemh75NrsPQ0M/view?usp=drivesdk
2632,EB 106 Ave between Fulton Dr - 65 St,50,Higher Frequency of Speeding; Higher Frequency of Collisions;,53.54925764,-113.43199190,"(53.54925764156508, -113.43199190380798)",https://drive.google.com/file/d/1oZ0GUmS0ItVI_TLe_0Au8GlkOsUK6D27/view?usp=drivesdk
4302,SB 44 St btwn Kulawy Dr - 41 Ave,30,Designated Zone - Playground;,53.47723265,-113.40830456,"(53.47723265030832, -113.40830455858635)",https://drive.google.com/file/d/17Vz4gO_AswCuUzPZpurq6i0dFkbpiteG/view?usp=drivesdk
4286,WB 89 Ave btwn 68A - 71 St,30,Designated Zone - Playground;,53.52426331,-113.43455841,"(53.524263308348594, -113.43455840979578)",https://drive.google.com/file/d/1hadIy3LSbsVr-OEw1VGJMxwsgd7ZVNYk/view?usp=drivesdk
2618,EB 107 Ave between 124 - 122 St,50,Higher Frequency of Collisions;,53.55096934,-113.53416838,"(53.55096933547883, -113.5341683789729)",https://drive.google.com/file/d/1Gv4W2emQtjlW7DxdU_pTAzdoPrnilfW1/view?usp=drivesdk
4143,SB 182 St Btwn 93 - N of 89 Ave,30,Designated Zone - Playground;,53.52631135,-113.63921917,"(53.526311351240295, -113.63921917173597)",https://drive.google.com/file/d/1RuhGP7qFLbtyi0keELXKbhgrpy7krEkd/view?usp=drivesdk
7038,SB 66 St north of 167 Ave,60,Higher Frequency of Speeding;,53.63023700,-113.44285471,"(53.63023699612944, -113.44285470646497)",https://drive.google.com/file/d/1eLhVtziQRi23xEc3hiA84m_Th8G3dSuI/view?usp=drivesdk
4179,WB 64 Ave Btwn 172-177 St,30,Designated Zone - Playground;,53.50026948,-113.62386995,"(53.50026948412953, -113.62386994515339)",https://drive.google.com/file/d/12KL7n7sOmbleRN7x1zYr8ONsMYS2e-cn/view?usp=drivesdk
2752,WB 95 Ave between 165 - 167 St,50,Higher Frequency of Speeding;,53.53169708,-113.60891877,"(53.53169708305639, -113.60891877199741)",https://drive.google.com/file/d/1gVwKLUB5D3qb6UGdh_BiATqq89MTVgeO/view?usp=drivesdk
4264,NB 59A St Btwn 159 - 162 Ave,30,Designated Zone - Playground;,53.62128534,-113.43071337,"(53.621285336931784, -113.43071336549252)",https://drive.google.com/file/d/16gSvxwbWK_9YaKjlZN1kIpdJlP2ToBKI/view?usp=drivesdk
2592,NB 170 St between 109 - 110 Ave,60,Higher Frequency of Speeding; Higher Frequency of Collisions;,53.55689727,-113.61519067,"(53.55689726816234, -113.61519066747778)",https://drive.google.com/file/d/1ylb1GTjyc9o0ZvSx9hDbxsSqBhEhF13W/view?usp=drivesdk
4285,EB Millwoods Rd S btwn E of 62 St - W of 54 St,30,Designated Zone - Playground;,53.44548512,-113.42761825,"(53.44548512163146, -113.42761824867578)",https://drive.google.com/file/d/1OuFChYd2HIbi0FrLWf1cASQvaIjxH0ok/view?usp=drivesdk
4005,EB 53 Ave btwn Riverbend Rd - Whitemud Dr,30,Designated Zone - Playground;,53.49031171,-113.57540970,"(53.490311707023636, -113.57540970163802)",https://drive.google.com/file/d/19Ev_DVlgvMJEZwRBafD0IrK3y1aFzeKf/view?usp=drivesdk
4311,EB 132 Ave btwn 74 - 76 St,30,Designated Zone - Playground;,53.59224177,-113.45669214,"(53.59224177324022, -113.45669213611916)",https://drive.google.com/file/d/1jSz_70_N74VzRckoYwEjBRTM4lyf0fvF/view?usp=drivesdk
4301,NB 44 St btwn 41 Ave - Kulawy Dr,30,Designated Zone - Playground;,53.47723265,-113.40830456,"(53.47723265030832, -113.40830455858635)",https://drive.google.com/file/d/1xd2ZKfgfH_7O-t7aTNBAsACSZMelxWzF/view?usp=drivesdk
2737,WB 106 Ave between 65 - 67 St,50,Higher Frequency of Speeding;,53.54933532,-113.43199224,"(53.54933532200901, -113.43199223658846)",https://drive.google.com/file/d/1Bb_GFuH7IEiZnSySlY5txRxxkK0JTo4x/view?usp=drivesdk
7063,NB Groat Rd btwn Victoria Pk Rd-S of 107 Ave,50,Higher Frequency of Speeding;,53.54528298,-113.54246556,"(53.54528298265759, -113.54246556256959)",https://drive.google.com/file/d/1948cA-Ko-kBGeKLTcw0nxh6HCEuH_wrR/view?usp=drivesdk
2765,EB 95 Ave between 163 - 160 St,50,Higher Frequency of Speeding;,53.53158424,-113.59980952,"(53.531584240393634, -113.59980952353689)",https://drive.google.com/file/d/1aB8AdkQRCHAwZpjXTBvRPV9cvqy9O5KS/view?usp=drivesdk
4035,NB 143 St btwn 53 - 56 Ave,30,Designated Zone - Playground;,53.49205828,-113.56726206,"(53.49205828317424, -113.56726206422907)",https://drive.google.com/file/d/1vsafbTk0W4pEnyMreu-piv7gHGg1kp96/view?usp=drivesdk
4137,WB Beaumaris Rd W of 161 Ave - 109 St,30,Designated Zone - Playground;,53.62148223,-113.50805838,"(53.621482228180824, -113.50805838148433)",https://drive.google.com/file/d/1YfWWlAKdXkecr2VMjuT0C4MCSuHpi2L0/view?usp=drivesdk
2615,NB 113A St between 134 - 136 Ave,50,Higher Frequency of Speeding;,53.59665638,-113.51656063,"(53.59665638199548, -113.51656063043241)",https://drive.google.com/file/d/120BL1H5sjc-mccALW_ao87Zs-s0Q_n0o/view?usp=drivesdk
4078,EB 80 Ave btwn 166 - 163 St,30,Designated Zone - Playground;,53.51373496,-113.60527692,"(53.51373496136714, -113.60527692496348)",https://drive.google.com/file/d/12eyJjfPR7e6Qqn7l1d-ltgt1G4YKFlMs/view?usp=drivesdk
4026,SB Allard Blvd SW btn  Alexander Way - Allard Blvd SW,30,Designated Zone - Playground;,53.40014430,-113.53565381,"(53.40014429880807, -113.53565380757607)",https://drive.google.com/file/d/1oo5J-RpqcabwBI8uHK9EOuCAPg1pJs_j/view?usp=drivesdk
4308,WB 144 Ave btwn 69 - 72 St,30,Designated Zone - Playground;,53.60546969,-113.44888265,"(53.605469685948265, -113.44888265451895)",https://drive.google.com/file/d/18HgSkAJcFbj3ggaYOxiWnCOn158JApB5/view?usp=drivesdk
2473,EB 132 Ave between Delwood Rd - 79 St,50,Higher Frequency of Speeding;,53.59223322,-113.46280031,"(53.59223321782987, -113.46280030626639)",https://drive.google.com/file/d/1-fD1kHBZr9xqdU90zsLO6-WVQ_iIYwR1/view?usp=drivesdk
7205,SB 149 St between 84 Ave - Whitemud Dr,60,Higher Frequency of Collisions;,53.51507723,-113.57805678,"(53.51507722971229, -113.57805678498539)",https://drive.google.com/file/d/1d_XCSjCjsJpzibcl-D3l7v1F081MS7Vu/view?usp=drivesdk
4171,WB Hemmingway Rd Btwn 201-204 St,30,Designated Zone - Playground;,53.48787239,-113.67022116,"(53.48787239258862, -113.67022115652337)",https://drive.google.com/file/d/197oxpA4KMaTJ-pR29p8wziPVHRJZpNlp/view?usp=drivesdk
4300,SB Edwards Dr btwn 83 St SW - 6 Ave SW,30,Designated Zone - Playground;,53.42837161,-113.45901487,"(53.4283716105819, -113.45901487177173)",https://drive.google.com/file/d/1BAF_sPQNZsOJ-pMk4P0OrFZqNcBMf3Kk/view?usp=drivesdk
2725,EB 111 Ave between 116 - 113 St,60,Higher Frequency of Collisions;,53.55882471,-113.51855732,"(53.55882470803324, -113.51855732076814)",https://drive.google.com/file/d/1Y4urT1FvfbH9xePapxAO8vQUQln4jKPS/view?usp=drivesdk
7167,NB 91 St between Anthony Henday Dr - 23 Ave,70,Higher Frequency of Speeding; Higher Frequency of Collisions;,53.44580735,-113.46635873,"(53.445807349520294, -113.46635873310531)",https://drive.google.com/file/d/1Yv3-1OpyPMo5NwA-imxUkQXt5-LGAKVt/view?usp=drivesdk
4277,NB Lakewood Rd E btwn 29 Ave - 71 St,30,Designated Zone - Playground;,53.46182143,-113.44084434,"(53.461821433781886, -113.44084434228692)",https://drive.google.com/file/d/1fO6hnvX5ko0k7V05skEv0sNVLXXev84C/view?usp=drivesdk
4170,EB Hemmingway Rd Btwn 204 - 201 St,30,Designated Zone - Playground;,53.48787239,-113.67022116,"(53.48787239258862, -113.67022115652337)",https://drive.google.com/file/d/1HIObBV5Q72ttZSjoOjbQC3Mu2bCHfsq_/view?usp=drivesdk
4210,NB Hemingway Rd Btwn Hardy Pt - S of Hodgins Rd,30,Designated Zone - Playground;,53.49093978,-113.68196271,"(53.49093977974267, -113.68196271487975)",https://drive.google.com/file/d/1tqmkLZ1steZ1n1he8vviAI3qdHjXyW3A/view?usp=drivesdk
7270,SB 142 St between 106 - 104 Ave,50,Higher Frequency of Speeding;,53.54745783,-113.56575002,"(53.54745783397464, -113.56575002256452)",https://drive.google.com/file/d/1yjbHGSmRT0niN4nARZPFIcl8-KDb4czN/view?usp=drivesdk
4229,WB 130 Ave W of 75 - 78 St,30,Designated Zone - Playground;,53.58914989,-113.45928359,"(53.58914989396396, -113.45928358589606)",https://drive.google.com/file/d/1W26JKCku_0b8jea6thY5TfHyNyO2uxVd/view?usp=drivesdk
2718,NB 97 St between 115 -117 Ave,50,Higher Frequency of Collisions;,53.56731151,-113.49170405,"(53.567311508975315, -113.49170404943904)",https://drive.google.com/file/d/1JZ2Jd1sG6h5rxuM3-teheWKDyMmLXcya/view?usp=drivesdk
4309,EB 144 Ave btwn 72 - 69 St,30,Designated Zone - Playground;,53.60534716,-113.44894452,"(53.60534715817357, -113.44894452202337)",https://drive.google.com/file/d/1c7AQckVdRl5l-h7T13O1KdAV2UxqVDus/view?usp=drivesdk
4310,WB 132 Ave btwn 74 - 76 St,30,Designated Zone - Playground;,53.59224177,-113.45669214,"(53.59224177324022, -113.45669213611916)",https://drive.google.com/file/d/1fNfbxr08WOSsfuSo9qk8PSs4nxxXggnX/view?usp=drivesdk
4241,WB 140 Ave Btwn 88 A - 93 St,30,Designated Zone - Playground;,53.60284240,-113.48015801,"(53.60284240057778, -113.48015800811534)",https://drive.google.com/file/d/1hn8WP4wK-nlgv9kUxpZ0lSHX-9820U_7/view?usp=drivesdk
7064,SB Groat Rd btwn S of 107 Ave-Victoria Pk Rd,50,Higher Frequency of Speeding; Higher Frequency of Collisions;,53.54560465,-113.54278674,"(53.54560465011122, -113.54278674378979)",https://drive.google.com/file/d/1PazfAvGhKSpBjI9xLLJLGG4N5NuV2d0Z/view?usp=drivesdk
7271,WB 95 Ave between 158 - 160 St,50,Higher Frequency of Speeding;,53.53155624,-113.59557878,"(53.531556239424575, -113.59557877680032)",https://drive.google.com/file/d/1QNnR-llw5zvvouRk0beFCjDcSNLxKcFa/view?usp=drivesdk
2577,EB 144 Ave between 94 - 92 St,50,Higher Frequency of Speeding;,53.60603596,-113.48378929,"(53.606035961748006, -113.48378929265664)",https://drive.google.com/file/d/1mHEI-AaM2FPpfcAqUpC_g7_vwnJzWS9M/view?usp=drivesdk
7085,NB Gateway Blvd - South of Anthony Henday Dr.,90,Higher Frequency of Speeding; Higher Frequency of Collisions;,53.43486002,-113.49002456,"(53.43486002146605, -113.49002456009515)",https://drive.google.com/file/d/1-Ik-C4wWdZ7nQLZccSc7Ai55_L9BxtvJ/view?usp=drivesdk
4260,SB 118 St S of 152 - N of 145 Ave,30,Designated Zone - Playground;,53.61070088,-113.52596980,"(53.61070087655451, -113.52596979817832)",https://drive.google.com/file/d/1YTJzeXZQ_wx51IBaZ0PX1NSEUhelSyr5/view?usp=drivesdk
2606,EB 137 Ave between 79 - 74 St,60,Higher Frequency of Collisions;,53.59958953,-113.45894328,"(53.599589534981966, -113.45894328315708)",https://drive.google.com/file/d/1Qf1QHYHx0OA_3oY_R5cPWq5JPmwhm8DU/view?usp=drivesdk
2757,SB 163 St between 99 - 96A Ave,50,Higher Frequency of Collisions;,53.53571167,-113.60275402,"(53.535711668243394, -113.60275402396736)",https://drive.google.com/file/d/1F99ZwhKcgHgvQwQN5nd_pqcbAB9kknYd/view?usp=drivesdk
4183,NB 106 St Btwn 56 - 60A Ave,30,Designated Zone - Playground;,53.49477751,-113.50440225,"(53.49477751184964, -113.50440225293553)",https://drive.google.com/file/d/1YPk2Ji8sVnmGuHIirkNgLnkILehAB1P5/view?usp=drivesdk
4221,SB 72 St Btwn 149 A - 144 Ave,30,Designated Zone - Playground;,53.60847049,-113.44946476,"(53.608470492093396, -113.44946476336366)",https://drive.google.com/file/d/1tI2pbNQg0hIUGAxbxFDYNrpooin40NoL/view?usp=drivesdk
2669,NB 127 St between 135 - 137 Ave,50,Higher Frequency of Collisions;,53.59790581,-113.54117503,"(53.59790580669622, -113.5411750252549)",https://drive.google.com/file/d/1-m5DfssrD_ac0y_2PBaFpmoRQuf4E4Oc/view?usp=drivesdk
4081,WB 105 Ave btwn 136 - 139 St,30,Designated Zone - Playground;,53.54777224,-113.55885021,"(53.54777223725524, -113.55885020906969)",https://drive.google.com/file/d/1FE3DuqPVVLeHDu_UJFK2gxfQ2UNF92JZ/view?usp=drivesdk
4152,WB 144 Ave E of  87 - 88A St,30,Designated Zone - Playground;,53.60623172,-113.47489940,"(53.60623171754474, -113.47489940104879)",https://drive.google.com/file/d/18z1sU4Z2BNWrxLtMZmOq2r4F4hH8sHxh/view?usp=drivesdk
2570,EB Ellerslie Rd SW between 109 St SW-Calgary Tr,60,Higher Frequency of Collisions;,53.42479329,-113.50188841,"(53.42479328948455, -113.50188840761517)",https://drive.google.com/file/d/1adfOpKYXGXVz4N3eGqtdgdDPbviiMziI/view?usp=drivesdk
4320,WB 64 Ave Btwn 172-177 St,30,Designated Zone - Playground;,53.50026948,-113.62386995,"(53.50026948412953, -113.62386994515339)",https://drive.google.com/file/d/16_zllPLF12mIsxpQIipnC5jvd0ameF_7/view?usp=drivesdk
4042,EB 40 Ave E of Granlea Crescent - 57 St,30,Designated Zone - Playground;,53.47692316,-113.42572435,"(53.47692316022321, -113.42572434540044)",https://drive.google.com/file/d/1LMHbFV9qLjcb9Fc6OdBOvpqnRYreUVso/view?usp=drivesdk
2494,SB 142 St between 106 - 104 Ave,50,Higher Frequency of Speeding;,53.54745783,-113.56575002,"(53.54745783397464, -113.56575002256452)",https://drive.google.com/file/d/1TdhCbYlrS_Gv3cM9wlynnrUPzn1y9nIf/view?usp=drivesdk
2556,NB 122 St between 51 - 62 Ave,60,Higher Frequency of Collisions;,53.49321191,-113.54105489,"(53.49321191084046, -113.5410548893512)",https://drive.google.com/file/d/1_8t9CoFgUAu8NtJfT-fTJTxl6nScL5CO/view?usp=drivesdk
4112,SB 96 St N of 68 - 66 Ave,30,Designated Zone - Playground;,53.50406951,-113.47644314,"(53.5040695083065, -113.47644313586308)",https://drive.google.com/file/d/1kTMHoInYks_Bl6YcspTair4ipuuGItxd/view?usp=drivesdk
4109,NB 65 St btwn 104 - 106 Ave,30,Designated Zone - Playground;,53.54796305,-113.43124335,"(53.54796305009052, -113.43124335033538)",https://drive.google.com/file/d/1S81Ze9PcJs9t1NbUq3WwSx_tOoYgdG_1/view?usp=drivesdk
4293,WB 121 Ave btwn W of 45 St - 48 St,30,Designated Zone - Playground;,53.57507733,-113.41338460,"(53.57507732518708, -113.41338460051745)",https://drive.google.com/file/d/1WD_NgJ6wXf8JIfwLb-swlwsnRLL2osf1/view?usp=drivesdk
4058,NB 88A St btwn 144 - 150 Ave,30,Designated Zone - Playground;,53.60854424,-113.47671715,"(53.60854424432804, -113.4767171498892)",https://drive.google.com/file/d/1c74UOuFQX06PbqoRdRkn-OYopenlOZii/view?usp=drivesdk
4020,SB 80 St btwn Millwoods Rd S - 14 Ave,30,Designated Zone - Playground;,53.44562049,-113.45346263,"(53.445620489924735, -113.45346262597585)",https://drive.google.com/file/d/1Zm4dYkKFhUCkV09chsOCUHV281-gNzU3/view?usp=drivesdk
4060,EB 139 Ave btwn 34 - 30 St,30,Designated Zone - Playground;,53.60302413,-113.39091373,"(53.60302412785953, -113.39091373035869)",https://drive.google.com/file/d/1kKHIb7ASvNqIH4yMXZjlwcYKgQ_RQJOb/view?usp=drivesdk
4211,SB Hemingway Rd S of 59 Ave - Hardy Pt,30,Designated Zone - Playground;,53.49093978,-113.68196271,"(53.49093977974267, -113.68196271487975)",https://drive.google.com/file/d/1nUybIsIGK5vi9nltolVZDBMULgFSDWAn/view?usp=drivesdk
4025,NB Allard Blvd SW btn  Allard Blvd - Alexander Way SW,30,Designated Zone - Playground;,53.40014430,-113.53565381,"(53.40014429880807, -113.53565380757607)",https://drive.google.com/file/d/1qetnBw5hUwy0moglFG8WCUzJu37zeQ4v/view?usp=drivesdk
4194,NB 79 St Btwn 94 - 95 Ave,30,Designated Zone - Playground;,53.53195597,-113.44808665,"(53.53195597179193, -113.4480866455394)",https://drive.google.com/file/d/1xn0-oghI467dBsW71h6_hW61OTF6qF3h/view?usp=drivesdk
2509,WB 118 Ave between 85 - 87 St,50,Higher Frequency of Collisions;,53.57038891,-113.47282618,"(53.570388913927154, -113.47282617535724)",https://drive.google.com/file/d/1AI_La45764NsJu6RyjU4A32--SFXcNpl/view?usp=drivesdk
2675,NB 105 St between Rossdale Rd - 97 Ave,50,Higher Frequency of Collisions;,53.53228830,-113.50108576,"(53.532288299712604, -113.50108576171255)",https://drive.google.com/file/d/1MEC4mwug87OYH1TO_pgRGA9QWD40XlHX/view?usp=drivesdk
2670,EB 118 Ave between 78 St - Wayne Gretzky Dr,50,Higher Frequency of Speeding; Higher Frequency of Collisions;,53.57030734,-113.45724250,"(53.57030733521943, -113.45724250213854)",https://drive.google.com/file/d/1ZcVNUasLfoUWZ4o6jAWCcZTfs0uXwwXE/view?usp=drivesdk
4185,SB 105 St Btwn 20-19 Ave,30,Designated Zone - Playground;,53.44904603,-113.50054363,"(53.449046032488305, -113.50054363180314)",https://drive.google.com/file/d/1hiwSXULht8FGOIkFFdj_ZWuqxXp_cwKF/view?usp=drivesdk
2518,SB 109 St between 110 - 108 Ave,50,Higher Frequency of Speeding; Higher Frequency of Collisions;,53.55486531,-113.50852235,"(53.55486530629586, -113.50852235054917)",https://drive.google.com/file/d/1fHflD9V6m3JFY64cPFP7bliNzynsf-5D/view?usp=drivesdk
4135,NB 142 St N of 80 - 85 Ave,30,Designated Zone - Playground;,53.51636706,-113.56569690,"(53.516367062405294, -113.56569689529613)",https://drive.google.com/file/d/1qOW6k6XUr0vjUrzotTfI9akzSnwm5Hqg/view?usp=drivesdk
4312,NB 139 St btwn Woodcroft Ave - 116 Ave,30,Designated Zone - Playground;,53.56730962,-113.56138398,"(53.56730962327217, -113.56138397900244)",https://drive.google.com/file/d/1CMSKeLZs0AJkbnSD9YdeSX1fq10YtMj3/view?usp=drivesdk
2749,WB 95 Ave between 158 - 160 St,50,Higher Frequency of Speeding;,53.53155624,-113.59557878,"(53.531556239424575, -113.59557877680032)",https://drive.google.com/file/d/1fTeGFFwS_6X6E-rfdxocfP7EkC6ABtKD/view?usp=drivesdk
2753,EB 95 Ave between 170 - 165 St,50,Higher Frequency of Speeding; Higher Frequency of Collisions;,53.53159489,-113.61092032,"(53.53159488945299, -113.61092031729495)",https://drive.google.com/file/d/1HMRa7DR_XQMXFoQtpBdy_IZYZvjffGAR/view?usp=drivesdk
2587,EB 51 Ave between 116 - 114 St,50,Higher Frequency of Speeding;,53.48821440,-113.52787779,"(53.48821439589621, -113.52787778864788)",https://drive.google.com/file/d/1kQXkEtJlHMzaNAr8eHX_yzmpetuHr-73/view?usp=drivesdk
4114,EB 76 Ave btwn 106 - 105 St,30,Designated Zone - Playground;,53.51227347,-113.50245064,"(53.51227346914462, -113.50245064079489)",https://drive.google.com/file/d/1DP4Xg2rE9LrHqdxoSTtw5LJdDDRcAvP8/view?usp=drivesdk
4187,SB 182 St Btwn 87 - N of 84 Ave,30,Designated Zone - Playground;,53.51925172,-113.63696966,"(53.51925172258383, -113.63696966466286)",https://drive.google.com/file/d/1H3jT2mPPaV6ozRZC7vng9UPl9zvhIAob/view?usp=drivesdk
2722,SB 101 St between 108 - 107A Ave,50,Higher Frequency of Speeding; Higher Frequency of Collisions;,53.55228268,-113.49371677,"(53.55228268396267, -113.49371676568481)",https://drive.google.com/file/d/1u6KuqU5Bc6w6KO7fJ6BhyBB-8SmL26qR/view?usp=drivesdk
4197,EB Griesbach Rd between Sir Arthur Currie Way - Griesbach School Rd,30,Designated Zone - Playground;,53.60810333,-113.49790803,"(53.60810333340902, -113.49790802742933)",https://drive.google.com/file/d/144Rk44kuHfgq2H3uV5YOTjmwN5oBmFud/view?usp=drivesdk
4144,NB Millwoods Rd E Btwn 17 -18 Ave,30,Designated Zone - Playground;,53.44809650,-113.40455559,"(53.448096501655215, -113.4045555899863)",https://drive.google.com/file/d/1xwjUHHeZbWJx47S1qnJkm_HhK2STkHVu/view?usp=drivesdk
2480,NB 50 St between Eleniak Rd - 68 Ave,60,Higher Frequency of Collisions;,53.50274883,-113.41811034,"(53.50274883461832, -113.41811034188626)",https://drive.google.com/file/d/1UnN9hAvwSur8wM207d7wkW87uFIBtLRz/view?usp=drivesdk
2506,EB 118 Ave between 56 - 54 St,50,Higher Frequency of Speeding;,53.57036075,-113.42612185,"(53.57036074814561, -113.42612184529563)",https://drive.google.com/file/d/16aBOd_7Hoco26G30paqhrAWH8_5SKRmo/view?usp=drivesdk
4070,SB Mill Woods Rd S of Lakewood  Rd N - 28 Ave,30,Designated Zone - Playground;,53.45993511,-113.44814155,"(53.459935105800724, -113.44814155058936)",https://drive.google.com/file/d/1ab7KvYB9iRaKeER6equ21f0eg80LhXu1/view?usp=drivesdk
4193,EB 40 Ave Btwn 119 - 115 A St,30,Designated Zone - Playground;,53.47627954,-113.53524097,"(53.47627953969195, -113.53524096602916)",https://drive.google.com/file/d/1ma00u18StxI8bnCruBVZFdiUlAT9VzuV/view?usp=drivesdk
4184,NB 105 St Btwn 19-20 Ave,30,Designated Zone - Playground;,53.44904603,-113.50054363,"(53.449046032488305, -113.50054363180314)",https://drive.google.com/file/d/1cJlHI1Nh6A5MRCCIri38p7SQMv1athOv/view?usp=drivesdk
4030,SB Riverbend Rd btwn 56 - 53  Ave,30,Designated Zone - Playground;,53.49209992,-113.57825354,"(53.49209991757685, -113.57825353663972)",https://drive.google.com/file/d/1gdZLnWjw1C3y-PB9hht26ieZrZZSlJg1/view?usp=drivesdk
4217,SB 95 St Btwn 174 - N of 171 Ave,30,Designated Zone - Playground;,53.63515145,-113.48814313,"(53.635151449076076, -113.48814312735722)",https://drive.google.com/file/d/11GmLrmYTmBqK__WghYe0K7g9QouzSSJa/view?usp=drivesdk
4226,EB Kirkness Rd Btwn 31 St - 151 Ave,30,Designated Zone - Playground;,53.61136661,-113.38477337,"(53.6113666107883, -113.3847733718016)",https://drive.google.com/file/d/1mKNVEZtcDwUvVuFBJ0-n6pCw7M23_Wxt/view?usp=drivesdk
7002,SB Whitemud Dr. @ Quesnell Bridge,80,Higher Frequency of Collisions;,53.50545609,-113.56674125,"(53.50545608966579, -113.56674124996565)",https://drive.google.com/file/d/1l9jSa310PH2_QgiH2LbEC2KWfPAufpJc/view?usp=drivesdk
2571,WB Ellerslie Rd SW between Calgary Tr-109 St SW,60,Higher Frequency of Collisions;,53.42493883,-113.50195143,"(53.4249388325714, -113.50195142929952)",https://drive.google.com/file/d/1CySZukP3cqx1hj6pELDJEMoVcgkkYTuE/view?usp=drivesdk
7086,NB Whitemud Dr between 53 Ave - Fox Dr,80,Higher Frequency of Collisions;,53.49785615,-113.57162535,"(53.49785614689638, -113.57162535389669)",https://drive.google.com/file/d/1tje78if77vgjQBZBcV0AE9TLTslFdPcx/view?usp=drivesdk
2701,EB 112 Ave btwn 55 - 53 St,50,Higher Frequency of Speeding;,53.56725996,-113.42460532,"(53.567259956872384, -113.4246053158997)",https://drive.google.com/file/d/12mYD5gv-dlmQJ4-fTygUjTKaFN2Gb-UX/view?usp=drivesdk
4128,SB 156 St Between 84 - North of 81 Ave,30,Designated Zone - Playground;,53.51626415,-113.59034063,"(53.51626415115854, -113.59034063264448)",https://drive.google.com/file/d/1tTaHueUlb9QWeO0XMLbo3fMKqrLV722B/view?usp=drivesdk
2716,NB 97 St between 108 - 110 Ave,50,Higher Frequency of Speeding; Higher Frequency of Collisions;,53.55546299,-113.49091409,"(53.55546298891228, -113.49091409444974)",https://drive.google.com/file/d/13UR90y6iSIsl2gHiBhIum6jEGUxeL6on/view?usp=drivesdk
4216,NB 95 St N of 171 - 174 Ave,30,Designated Zone - Playground;,53.63515145,-113.48814313,"(53.635151449076076, -113.48814312735722)",https://drive.google.com/file/d/1TOE0jfcKQJrzci6W0LFZ5D_c6AHb057s/view?usp=drivesdk
4305,NB Saddleback Rd btwn 114 St - S of 22 Ave,30,Designated Zone - Playground;,53.45120906,-113.52550127,"(53.45120905533573, -113.5255012747545)",https://drive.google.com/file/d/1qKPqesEKjoHSv1Rn8_qYj1fwenE5Z3AX/view?usp=drivesdk
4316,EB 12 Ave btwn Twin Brooks Dr - 113 St,30,Designated Zone - Playground;,53.44339902,-113.52606381,"(53.443399023669244, -113.5260638064582)",https://drive.google.com/file/d/1rvOzyL3EhLIXXAeW7TI2PUgDmrh4gPFN/view?usp=drivesdk
4090,SB 130 St N of 113 - 111 Ave,30,Designated Zone - Playground;,53.56060102,-113.54620872,"(53.56060101939783, -113.54620871667127)",https://drive.google.com/file/d/1-Ylo38O0ivOcgGuyVNR1s-aUZr5jxLTB/view?usp=drivesdk
4181,NB Windermere Rd Btwn Windermere Blvd-Whitelaw Ln,30,Designated Zone - Playground;,53.44112794,-113.61706553,"(53.441127941543115, -113.61706553147725)",https://drive.google.com/file/d/1E3NbdoPgWn2fVczri5TUGfUWfetbO_2x/view?usp=drivesdk
2719,WB 107 Ave between 110 - 113 St,50,Higher Frequency of Speeding; Higher Frequency of Collisions;,53.55140855,-113.51302475,"(53.55140855277801, -113.51302475123666)",https://drive.google.com/file/d/1lswHSpoTcHfvjMl5QPpa_Go5ixABGgwl/view?usp=drivesdk
4299,NB Edwards Dr btwn 6 - 5 Ave SW,30,Designated Zone - Playground;,53.42837161,-113.45901487,"(53.4283716105819, -113.45901487177173)",https://drive.google.com/file/d/13WXGTTXRC-LS4j730e4XKHw_E1sMeG67/view?usp=drivesdk
4153,EB 144 Ave btwn 88A -E of 87 St,30,Designated Zone - Playground;,53.60610710,-113.47484696,"(53.60610709604026, -113.4748469560406)",https://drive.google.com/file/d/150K72n9VOlSl86UAunG0kF1jQFiPWkEe/view?usp=drivesdk
4176,NB 163 St Btwn 103 - 104 Ave,30,Designated Zone - Playground;,53.54563480,-113.60263291,"(53.545634803269266, -113.6026329080284)",https://drive.google.com/file/d/18NA9ICu_zFXMQTjG1GwQvpYtp9JI6uNs/view?usp=drivesdk
4003,EB Delwood Rd btwn 134B Ave - 73 St,30,Designated Zone - Playground;,53.59681869,-113.45765336,"(53.5968186894446, -113.45765336420213)",https://drive.google.com/file/d/1b_uDGlvByIsgE5pGH6_hwswVe7jDc863/view?usp=drivesdk
4055,NB 106 St btwn 36A - 40 Ave,30,Designated Zone - Playground;,53.47360028,-113.50414840,"(53.473600284498154, -113.50414839652174)",https://drive.google.com/file/d/1F_pQ_QKV0v1vTj8vVEvmBvRdH4hmd84A/view?usp=drivesdk
4269,WB 150 Ave W of 89A - 94 St,30,Designated Zone - Playground;,53.61093167,-113.48257532,"(53.61093166574104, -113.48257532398917)",https://drive.google.com/file/d/1drPMtp945Ln_YnzWgkmRr9420JSuy5AM/view?usp=drivesdk
4247,WB 51 Ave Btwn 123 - 124 St,30,Designated Zone - Playground;,53.48814710,-113.54492540,"(53.48814709899406, -113.54492539721905)",https://drive.google.com/file/d/1FIGDDlwYsm3ArnlaGef94sjJZ-mAjDvN/view?usp=drivesdk
4082,EB 105 Ave btwn 139 - 136 St,30,Designated Zone - Playground;,53.54777224,-113.55885021,"(53.54777223725524, -113.55885020906969)",https://drive.google.com/file/d/1DyerkEX15-uV3diXEV24C6EE9ddF57t-/view?usp=drivesdk
2756,WB 82 Ave between 91 - 95A St,50,Higher Frequency of Speeding;,53.51807393,-113.47154945,"(53.51807393497395, -113.47154944892714)",https://drive.google.com/file/d/1GfUjJzciGl5ghDk0M0EFzV1-RFHzUi2M/view?usp=drivesdk
4196,WB Griesbach Rd between Griesbach School Rd - 104 St,30,Designated Zone - Playground;,53.60810333,-113.49790803,"(53.60810333340902, -113.49790802742933)",https://drive.google.com/file/d/1twIgnm7ciYKB3EMBfjYfF8UWX1qxzWJ3/view?usp=drivesdk
4267,WB McQueen Rd Btwn 142 - W of 146 St,30,Designated Zone - Playground;,53.55622253,-113.56883131,"(53.5562225334779, -113.56883131407545)",https://drive.google.com/file/d/1rDwKiW9-8H-S776dSiY8tdu8p-dgQBbf/view?usp=drivesdk
4111,NB 96 St btwn 66 Ave - N of 68 Ave,30,Designated Zone - Playground;,53.50406951,-113.47644314,"(53.5040695083065, -113.47644313586308)",https://drive.google.com/file/d/1BDBaYWxejIA7aSQABp9dNZI2a1-K5hNl/view?usp=drivesdk
4174,WB 144 Ave Btwn 74-76 St,30,Designated Zone - Playground;,53.60697898,-113.45643132,"(53.6069789774502, -113.45643131875264)",https://drive.google.com/file/d/1kyH7dbgyZc_S0vkuzOzDPbXrajzsR3X5/view?usp=drivesdk
2507,WB 118 Ave between 60 - 62 St,50,Higher Frequency of Speeding;,53.57036818,-113.43491676,"(53.57036818470731, -113.43491675747863)",https://drive.google.com/file/d/1_sRUsCDDw540cQeuvAntuHPBBI2ncCdw/view?usp=drivesdk
4116,SB 76 St btwn south of 40 Ave - 38 Ave,30,Designated Zone - Playground;,53.47490073,-113.45032620,"(53.474900731544125, -113.45032619523234)",https://drive.google.com/file/d/1mKp8gaWJLpwalQ8gznWsTcvx0RRLTTOz/view?usp=drivesdk
4204,NB Saddleback Rd Btwn 25 - 27 Ave,30,Designated Zone - Playground;,53.45785905,-113.52900704,"(53.457859050694616, -113.52900703637599)",https://drive.google.com/file/d/16VBdBAHX7DjnIfMx-_Y2lawSUYeNTHSr/view?usp=drivesdk
4009,EB 129B Ave btwn 93 - 91 St,30,Designated Zone - Playground;,53.58870516,-113.48342604,"(53.5887051567781, -113.48342603953297)",https://drive.google.com/file/d/1TSicsDWJAabxkB2pJNzaViEC9wq6vjcx/view?usp=drivesdk
4246,EB 51 Ave Btwn 124 - 123 St,30,Designated Zone - Playground;,53.48814710,-113.54492540,"(53.48814709899406, -113.54492539721905)",https://drive.google.com/file/d/1cjD8qBOobhFQ_H6OaItdWbDjtsQ1nGb3/view?usp=drivesdk
4326,NB Cameron Heights Way E of Cameron Heights Dr - N of Chahley Way,30,Designated Zone â€“ Playground;,53.47293491,-113.63705544,"(53.47293491061399, -113.63705543933494)",https://drive.google.com/file/d/1fz_U31DWa384nyY784DrIEPHqo959oJT/view?usp=drivesdk
4215,WB 76 Ave Btwn 154 - 156 St,30,Designated Zone - Playground;,53.50789036,-113.58788156,"(53.50789036430484, -113.58788156205767)",https://drive.google.com/file/d/1_lj4-gRnr3GovucfwAxOQeVtTlOtEZ8Y/view?usp=drivesdk
2738,SB 66 St between Delwood Rd - 132 Ave,50,Higher Frequency of Speeding; Higher Frequency of Collisions;,53.59387267,-113.44306107,"(53.59387266949015, -113.44306106530301)",https://drive.google.com/file/d/1IWBNsNwQo3A5SXxAC22hbZ8hPt5TUvGA/view?usp=drivesdk
4124,SB 184 St btwn 57 Ave - N of 52 Ave,30,Designated Zone - Playground;,53.48997543,-113.64130604,"(53.48997543447076, -113.64130603816149)",https://drive.google.com/file/d/12OYtxO8FxGi1BG4lfy4ELCSjzSoxIt3q/view?usp=drivesdk
4205,SB Saddleback Rd btwn 27-25 Ave,30,Designated Zone - Playground;,53.45785905,-113.52900704,"(53.457859050694616, -113.52900703637599)",https://drive.google.com/file/d/137fbfQTMi1TW0ySTVc0FWw_M8Vpr5TkN/view?usp=drivesdk
4265,SB 59A St Btwn 162-159 Ave,30,Designated Zone - Playground;,53.62128534,-113.43071337,"(53.621285336931784, -113.43071336549252)",https://drive.google.com/file/d/1B8ubDzJ69W9q2o2NGSl-6Lnox98S9new/view?usp=drivesdk
4268,EB 150 Ave Btwn 94 St - W of 89A St,30,Designated Zone - Playground;,53.61093167,-113.48257532,"(53.61093166574104, -113.48257532398917)",https://drive.google.com/file/d/10zOVEfVOE6y_YnUEmHdf3LKl1v58gdel/view?usp=drivesdk
4099,NB 102 St btwn 114 - 116 Ave,30,Designated Zone - Playground;,53.56576816,-113.49555595,"(53.565768162757976, -113.49555595296913)",https://drive.google.com/file/d/1iwCdaDRBXZj3SBlmsJDwaTSMXawaQ_NA/view?usp=drivesdk
2529,EB 118 Ave between 87 - 85 St,50,Higher Frequency of Collisions;,53.57038891,-113.47282618,"(53.570388913927154, -113.47282617535724)",https://drive.google.com/file/d/1EzxQvnUuEsKYR1jRNrOv-4Yaf6qPpQYN/view?usp=drivesdk
4091,WB 144 Ave btwn 88A - E of 92 St,30,Designated Zone - Playground;,53.60583322,-113.47864986,"(53.60583322072564, -113.47864986189744)",https://drive.google.com/file/d/1yA6G2ZUhwjvngPhWcdCGeac9Q9Vn1tk1/view?usp=drivesdk
4249,WB 63 Ave Btwn 124 - 127 St,30,Designated Zone - Playground;,53.50023363,-113.54575183,"(53.50023362740549, -113.54575182904291)",https://drive.google.com/file/d/1Q196_n-7TYbcJanMLyI5qptg_gSL_3zX/view?usp=drivesdk
4004,WB 53 Ave btwn Whitemud Dr - Riverbend Rd,30,Designated Zone - Playground;,53.49043636,-113.57552164,"(53.49043635895759, -113.57552163923538)",https://drive.google.com/file/d/1u64JAfmgrC0O3b6uummNrAKGnkbNGMqI/view?usp=drivesdk
2502,WB 82 Ave between 87 - 89 St,50,Higher Frequency of Speeding; Higher Frequency of Collisions;,53.51802814,-113.46287313,"(53.51802814484393, -113.46287312663189)",https://drive.google.com/file/d/1ICP47I-FFjlXhWdGIsW4W_wM2iG1fSE1/view?usp=drivesdk
4126,WB 161A Ave btwn 74 - 76 St,30,Designated Zone - Playground;,53.62248038,-113.45826123,"(53.622480378849865, -113.45826123429586)",https://drive.google.com/file/d/1zd9geWSnd57p3Zaj60AI2SsocB0bGpJe/view?usp=drivesdk
2795,NB 159 St between Whitemud Dr - 87 Ave,60,Higher Frequency of Speeding;,53.51602604,-113.59670241,"(53.51602604421752, -113.59670241480916)",https://drive.google.com/file/d/12-NFaX8Cku9byFoyN8Jc78ZIcvA9CGHy/view?usp=drivesdk
4039,WB 38 Ave W of 55 St - Grand Meadow Cres,30,Designated Zone - Playground;,53.47312159,-113.42754125,"(53.473121593120354, -113.42754125442447)",https://drive.google.com/file/d/1a3vu35blhO89BEeWDUlyxaFLPQYjyVew/view?usp=drivesdk
4266,EB McQueen Rd - W of 146 - 142 St,30,Designated Zone - Playground;,53.55622253,-113.56883131,"(53.5562225334779, -113.56883131407545)",https://drive.google.com/file/d/1qi8Nco5nI6uC3q5DKOlk5CjixmalMVzR/view?usp=drivesdk
2594,SB 91 St between 63 - 58 Ave,60,Higher Frequency of Collisions;,53.49686322,-113.46736401,"(53.496863222564485, -113.46736400812463)",https://drive.google.com/file/d/19fvM6oFU5rgpeiAYB8FSVxtoHCVBD_u6/view?usp=drivesdk
2731,WB Kingsway Ave btwn Princess Eliz Ave-Airport Rd,60,Higher Frequency of Collisions;,53.56408238,-113.51588890,"(53.56408237835445, -113.51588889741781)",https://drive.google.com/file/d/11bTqxUd5QdHffrzaC3VJYzK6YElRR-fp/view?usp=drivesdk
4261,NB 118 St N of 145 - S of 152 Ave,30,Designated Zone - Playground;,53.61070088,-113.52596980,"(53.61070087655451, -113.52596979817832)",https://drive.google.com/file/d/15wtVNt4hZQ-1AhSd17htyb8NRoS-_ipz/view?usp=drivesdk
4322,EB 40 Ave Btwn 119 - 115 A St,30,Designated Zone - Playground;,53.47627954,-113.53524097,"(53.47627953969195, -113.53524096602916)",https://drive.google.com/file/d/145R8sXWMeWJFfH2A2G9NhZw6f6_to9QL/view?usp=drivesdk
2616,SB 113A St between 132 - 130 Ave,50,Higher Frequency of Speeding;,53.59069563,-113.51654976,"(53.59069562500826, -113.51654976364051)",https://drive.google.com/file/d/1VkceBxoNLPe7bH62rgP_sTfqFmOv9YWs/view?usp=drivesdk
4120,WB 132 Ave E of 69 - 72 St,30,Designated Zone - Playground;,53.59226373,-113.44996868,"(53.59226373446935, -113.44996868461091)",https://drive.google.com/file/d/1YukMexBclTWJJshRmyG508kTIwTsRtnU/view?usp=drivesdk
2617,NB 113A St between 130 - 132 Ave,50,Higher Frequency of Collisions;,53.59069563,-113.51654976,"(53.59069562500826, -113.51654976364051)",https://drive.google.com/file/d/1yQkx2VW2XYvvzIeNB4CeLsryhJbhxe_W/view?usp=drivesdk
4063,WB Blackmud Crk Dr SW btn Baker Close-James Mowatt Tr,30,Designated Zone - Playground;,53.42093105,-113.51443148,"(53.420931050462066, -113.51443148312553)",https://drive.google.com/file/d/1A5QfGEzkOp6Pk6jQcVrPB8-1o8heZn_G/view?usp=drivesdk
4036,SB 143 St btwn 56 - 53 Ave,30,Designated Zone - Playground;,53.49205828,-113.56726206,"(53.49205828317424, -113.56726206422907)",https://drive.google.com/file/d/1XIytd0EA5h0ckLqZyUrn6GRXJFNHljv8/view?usp=drivesdk
4219,SB 91 St Btwn 175 - N of 172 Ave,30,Designated Zone - Playground;,53.63539032,-113.47968113,"(53.63539032361693, -113.47968112520016)",https://drive.google.com/file/d/1pV_j79HE0eMLkrj_l3thYSjaAYo-iztA/view?usp=drivesdk
2720,EB 107 Ave between 113 - 110 St,50,Higher Frequency of Speeding; Higher Frequency of Collisions;,53.55140855,-113.51302475,"(53.55140855277801, -113.51302475123666)",https://drive.google.com/file/d/1pKbnR0Lxf56l6cZH_8EnYxg3nnShjzJJ/view?usp=drivesdk
2739,NB 66 St between 132 - 134 Ave.,50,Higher Frequency of Speeding; Higher Frequency of Collisions;,53.59386213,-113.44285788,"(53.593862133691495, -113.44285787659248)",https://drive.google.com/file/d/1A8ddXYo_ltRQAUxPPfkKY_jY38jZUF1U/view?usp=drivesdk
4022,SB Jackson Rd btwn Jefferson Rd - Jamha Rd,30,Designated Zone - Playground;,53.48438586,-113.40792799,"(53.484385855213816, -113.40792798900439)",https://drive.google.com/file/d/1dA2tzNHospKSFPT9Im9RR0FrOo7StRx_/view?usp=drivesdk
4274,EB Cumberland Rd btwn 139 St - W of 134 St,30,Designated Zone - Playground;,53.60804271,-113.55620592,"(53.608042705193384, -113.55620591626803)",https://drive.google.com/file/d/1TAq0LzLAh3Rq5ifzEUWxXDw4fgvZ4MKl/view?usp=drivesdk
7119,WB Whitemud Dr between 170 - 178 St,80,Higher Frequency of Collisions;,53.51219133,-113.62291977,"(53.512191333616, -113.62291977175931)",https://drive.google.com/file/d/102uqrRBuciArt9CXDgCl89YadhPmKhFZ/view?usp=drivesdk
4071,NB 48 St btwn 28 - 32 Ave,30,Designated Zone - Playground;,53.46135602,-113.41662593,"(53.46135601954016, -113.41662593278193)",https://drive.google.com/file/d/1WhVQU3vcvJg9qL_8FLQxWKyWjVbOMxAR/view?usp=drivesdk
2721,NB 101 St between 107A - 108 Ave,50,Higher Frequency of Speeding; Higher Frequency of Collisions;,53.55228268,-113.49371677,"(53.55228268396267, -113.49371676568481)",https://drive.google.com/file/d/1_g50CSkWb1GiF84pGdlNMjZx62l4kcti/view?usp=drivesdk
4189,SB 91 St S of 88 - 86 Ave,30,Designated Zone - Playground;,53.52255780,-113.46744056,"(53.52255780035001, -113.46744056382475)",https://drive.google.com/file/d/1u1YLMlEqudB3Cd8BEEpK1QTfJIHUTlUu/view?usp=drivesdk
2610,NB 75 St between 92A - 94B Ave,60,Higher Frequency of Collisions;,53.53004509,-113.44289010,"(53.53004508582731, -113.44289009845669)",https://drive.google.com/file/d/17VOxCeiPUoJPGYwJAHMgzOWgszQ1WsLp/view?usp=drivesdk
4115,NB 76 St btwn 38 Ave south of 40 Ave,30,Designated Zone - Playground;,53.47490073,-113.45032620,"(53.474900731544125, -113.45032619523234)",https://drive.google.com/file/d/1eelSIjIxPkrVce5_WM5zt-cF05-vjiss/view?usp=drivesdk
4150,NB 106 St Btwn 31 - 32A Ave,30,Designated Zone - Playground;,53.46432880,-113.50333366,"(53.464328800957354, -113.50333366439477)",https://drive.google.com/file/d/1lBnvhIFlF5Eu6Ew9Xs8a15nS8LMkVgYn/view?usp=drivesdk
7269,SB Scona Rd between 95A - 94 Ave,50,Higher Frequency of Collisions;,53.53207745,-113.48565345,"(53.53207744660417, -113.48565344673995)",https://drive.google.com/file/d/1JE0dBiT43NLXwJyMRQxC2h7N_8HzANze/view?usp=drivesdk
2469,EB 132 Ave between 123 - 121 St,50,Higher Frequency of Speeding;,53.59216642,-113.53195635,"(53.59216641861841, -113.53195634968591)",https://drive.google.com/file/d/14UgLm-RuTbRPJp2pixvuWG2zQ36RTzX7/view?usp=drivesdk
4006,NB Leger Way btwn Leger Road - Lawrence Court,30,Designated Zone - Playground;,53.45946157,-113.57590239,"(53.45946156766056, -113.57590238527693)",https://drive.google.com/file/d/1ZcqrDpL8UWG3-X30ATjR7fmKRfjyamkG/view?usp=drivesdk
2519,NB 109 St between 108 - 110 Ave,50,Higher Frequency of Collisions;,53.55486251,-113.50835037,"(53.55486251095871, -113.50835036735225)",https://drive.google.com/file/d/1gOlN_5Hh1Ju8FAhQtn6vYlgU2QQJAqAZ/view?usp=drivesdk
4239,EB 162 Ave Btwn Hollick Kenyon R - W of 54 St,30,Designated Zone - Playground;,53.62366948,-113.42125933,"(53.623669480690765, -113.42125932905883)",https://drive.google.com/file/d/1uF-nSOW12GMHvtxCNHtQPPFwzldLQ-pb/view?usp=drivesdk
7005,EB Yellowhead Trail @ Anthony Henday Dr,100,Higher Frequency of Speeding; Higher Frequency of Collisions;,53.57357317,-113.66018743,"(53.57357316567779, -113.66018742523505)",https://drive.google.com/file/d/1Pg2tqF2L49CM-LZU04pS_TIxzxfZjLWY/view?usp=drivesdk
7266,NB 113A St between 130 - 132 Ave,50,Higher Frequency of Collisions;,53.59069563,-113.51654976,"(53.59069562500826, -113.51654976364051)",https://drive.google.com/file/d/1HpvLxLYsGzG4iean_sll6_GvOFHYRpZ4/view?usp=drivesdk
4134,SB 142 St Btwn 85 - N of 80 Ave,30,Designated Zone - Playground;,53.51636706,-113.56569690,"(53.516367062405294, -113.56569689529613)",https://drive.google.com/file/d/1P8VcY1BGKOSerj8Fgcld95OPYGJehgWq/view?usp=drivesdk
7267,SB 97 St between 167 - 153 Ave,70,Higher Frequency of Collisions;,53.62153398,-113.49199804,"(53.6215339824654, -113.4919980401899)",https://drive.google.com/file/d/1zhUbswOIhq84OJ_50XYMAF7NTq2ik0yy/view?usp=drivesdk
4313,SB 139 St btwn 116 - 115A Ave,30,Designated Zone - Playground;,53.56730962,-113.56138398,"(53.56730962327217, -113.56138397900244)",https://drive.google.com/file/d/1Ifx8-CnksIJ3_Uk5zAPRwnjUK5zDFEcs/view?usp=drivesdk
2705,SB 97 St between 167 - 153 Ave,70,Higher Frequency of Collisions;,53.62153398,-113.49199804,"(53.6215339824654, -113.4919980401899)",https://drive.google.com/file/d/1QhTeAXUMnPolUXo_sLgjHRntFl2SomW3/view?usp=drivesdk
4041,WB 40 Ave btwn 57 St - E of Granlea Crescent,30,Designated Zone - Playground;,53.47692316,-113.42572435,"(53.47692316022321, -113.42572434540044)",https://drive.google.com/file/d/1O5chMCbCmdAFxvKS-f6mZB4oty6eyYG6/view?usp=drivesdk
4076,EB 104 Ave btwn 161 - 159 St,30,Designated Zone - Playground;,53.54641245,-113.59745088,"(53.546412452900164, -113.59745087875642)",https://drive.google.com/file/d/1SOKHTUVHwwMhn1n0jVGRSq7j4aekx2VA/view?usp=drivesdk
4145,SB Millwoods Rd E Btwn 18 - 17 Ave,30,Designated Zone - Playground;,53.44809650,-113.40455559,"(53.448096501655215, -113.4045555899863)",https://drive.google.com/file/d/1KVodiQgzK9C_DrmsFs5-x694Ffujxft3/view?usp=drivesdk
4052,EB 114 Ave btwn 104 - 102 St,30,Designated Zone - Playground;,53.56423444,-113.49739660,"(53.564234441110784, -113.49739660442035)",https://drive.google.com/file/d/1DfMwWsS7Z-wmCe6K_4LRXHjJK5Z_81ii/view?usp=drivesdk
7216,NB Gateway Blvd at Ellerslie Road SW,90,Higher Frequency of Speeding; Higher Frequency of Collisions;,53.42288224,-113.49284070,"(53.4228822361979, -113.49284070180757)",https://drive.google.com/file/d/1GT-E-RaQ4tkRNV8YSKfHwSTpUqJ2EXoe/view?usp=drivesdk
4288,WB 11A Ave btwn 56 - 60 St,30,Designated Zone - Playground;,53.44046389,-113.42804821,"(53.440463892044015, -113.42804821135914)",https://drive.google.com/file/d/1Enb3Dhb4hlXX5fb7eO7ErofqTN9NJWPi/view?usp=drivesdk
4292,EB 121 Ave btwn 48 St - W of 45 St,30,Designated Zone - Playground;,53.57507733,-113.41338460,"(53.57507732518708, -113.41338460051745)",https://drive.google.com/file/d/1uU8czVx5THK1rWsRIzkJ6OCHW236CdAd/view?usp=drivesdk
4228,EB 130 Ave Btwn 78 - W of 75 St,30,Designated Zone - Playground;,53.58914989,-113.45928359,"(53.58914989396396, -113.45928358589606)",https://drive.google.com/file/d/1ttbaWi9eSSE00vW2I6kD-1QfypiJnABp/view?usp=drivesdk
4186,NB 182 St N of 84 -87 Ave,30,Designated Zone - Playground;,53.51925172,-113.63696966,"(53.51925172258383, -113.63696966466286)",https://drive.google.com/file/d/1zG9MZHbYLj5TOD82qC5ehkVp-qq7xBAb/view?usp=drivesdk
4151,SB 106 St Btwn 32A - 31 Ave,30,Designated Zone - Playground;,53.46432880,-113.50333366,"(53.464328800957354, -113.50333366439477)",https://drive.google.com/file/d/1XBZVyVGeR7ANNEXJDoYCbBDBadvmep1r/view?usp=drivesdk
4325,SB Cameron Heights Way N of Chahley Way - E of Cameron Heights Dr,30,Designated Zone â€“ Playground;,53.47293491,-113.63705544,"(53.47293491061399, -113.63705543933494)",https://drive.google.com/file/d/1zcNaqrjZejv4wAFrwqEXBwEGvsmAPLHe/view?usp=drivesdk
7264,WB Yellowhead Trail at 50 St,80,Higher Frequency of Speeding;,53.58249321,-113.41882007,"(53.582493213668364, -113.41882006876673)",https://drive.google.com/file/d/1eZi8V01af3VpfuB59hF5YZBzyZLZs6_H/view?usp=drivesdk
2792,WB Stony Plain Rd Between 180 - 182 St,60,Higher Frequency of Speeding;,53.54136793,-113.63454323,"(53.54136792868471, -113.63454323286038)",https://drive.google.com/file/d/1IPkdfGDyNkhAy5uK9iJEB5fCgd1hdRTX/view?usp=drivesdk
2726,WB 111 Ave between 113 - 116 St,60,Higher Frequency of Collisions;,53.55894104,-113.51855918,"(53.55894103625015, -113.51855918153274)",https://drive.google.com/file/d/1NgfiBTq8SxrBEqMpL9YdM9B79ImXMW_o/view?usp=drivesdk
7016,WB Whitemud Dr east of 17 Street,80,Higher Frequency of Speeding; Higher Frequency of Collisions;,53.48260872,-113.36274539,"(53.48260872164715, -113.36274538621396)",https://drive.google.com/file/d/140etOg1OVHDQKmf8-pGnA-HUhBHS7fGU/view?usp=drivesdk
2714,NB 97 St between 112 - 114 Ave,50,Higher Frequency of Collisions;,53.56264186,-113.49165881,"(53.562641858601275, -113.49165880834947)",https://drive.google.com/file/d/1_OkjiHmNQQ1-2gOeahwTBS9a6wNPDHrA/view?usp=drivesdk
2620,SB 50 St between Fulton Rd - 101A Ave,50,Higher Frequency of Speeding;,53.54501797,-113.41870308,"(53.545017973296275, -113.41870307647334)",https://drive.google.com/file/d/1hjylyl3fSqi-KtnwL9S2zujMMKpIna4h/view?usp=drivesdk
4168,NB 135 St btwn 116 - Woodcroft Ave,30,Designated Zone - Playground;,53.56747910,-113.55514240,"(53.56747909937096, -113.55514240398143)",https://drive.google.com/file/d/1hc3rS75wP4jY4cQLAvBkZw05HBZM8cye/view?usp=drivesdk
7265,EB 118 Ave between 78 St - Wayne Gretzky Dr,50,Higher Frequency of Speeding; Higher Frequency of Collisions;,53.57030734,-113.45724250,"(53.57030733521943, -113.45724250213854)",https://drive.google.com/file/d/1FijItMkC9SkgUh0hUT-1YLpF1194w5_E/view?usp=drivesdk
4029,NB Riverbend Rd btwn 53 - 56 Ave,30,Designated Zone - Playground;,53.49210899,-113.57825364,"(53.492108993529605, -113.57825364261342)",https://drive.google.com/file/d/1v3ZDJL_o_-6kKZrixA35Npc1Vj9HJJR6/view?usp=drivesdk
4019,NB 80 St N of Knottwood Rd S - Millwoods Rd S,30,Designated Zone - Playground;,53.44550774,-113.45368017,"(53.4455077407455, -113.45368017047534)",https://drive.google.com/file/d/1IjrNtyvt9XaV52nP2K3-dz3FPC8j4kPJ/view?usp=drivesdk
4087,WB 37A Ave btwn 23 St - E of 28 St,30,Designated Zone - Playground;,53.47252750,-113.37907126,"(53.47252749947279, -113.37907125590547)",https://drive.google.com/file/d/1e71HgcH_Xyc0Em-aBBoe2cR363KhzFFa/view?usp=drivesdk
4235,WB 110 Ave Btwn 159-161 St,30,Designated Zone - Playground;,53.55604253,-113.59660720,"(53.55604252674655, -113.59660720214636)",https://drive.google.com/file/d/15wLbXFl15vMNiT0EsQRUPFRgNtVCmMKe/view?usp=drivesdk
4319,EB 64 Ave Btwn 177-172 St,30,Designated Zone - Playground;,53.50026948,-113.62386995,"(53.50026948412953, -113.62386994515339)",https://drive.google.com/file/d/1_iJXGQiLuYaMPXb4-Gi9V59Cj87c6WTn/view?usp=drivesdk
4059,WB 139 Ave btwn 30 - 34 St,30,Designated Zone - Playground;,53.60302413,-113.39091373,"(53.60302412785953, -113.39091373035869)",https://drive.google.com/file/d/1R7lOzVLmeneGyvAJ_AVYaF9FBzW_Xmoq/view?usp=drivesdk
4136,EB Beaumaris Rd Btwn 109 St - W of 161 Ave,30,Designated Zone - Playground;,53.62148223,-113.50805838,"(53.621482228180824, -113.50805838148433)",https://drive.google.com/file/d/15x5rGQ58YBUtEllSlLGKvUgfw81d0inR/view?usp=drivesdk
7263,WB Jasper Ave between 87 - 90 St,50,Higher Frequency of Collisions;,53.55270482,-113.47276308,"(53.552704818807086, -113.472763077174)",https://drive.google.com/file/d/1NOn8fIedKYB9DhJTL3KCSuU45H81ybJ5/view?usp=drivesdk
7106,SB 91 St between 63 - 58 Ave,60,Higher Frequency of Collisions;,53.49686322,-113.46736401,"(53.496863222564485, -113.46736400812463)",https://drive.google.com/file/d/1bLsZg93CfefxQTSA4GrA691DxydqDWZF/view?usp=drivesdk
4000,WB 172 Ave  E of 104 St -  W of 107 St,30,Designated Zone - Playground;,53.63328375,-113.50519936,"(53.63328375409369, -113.50519935959072)",https://drive.google.com/file/d/1sMqwjNmnqMti63HADSLhHpiMQV45uaV8/view?usp=drivesdk
2483,SB 66 St between 149 - 144 Ave,60,Higher Frequency of Collisions;,53.60753279,-113.44293207,"(53.607532787297934, -113.4429320699122)",https://drive.google.com/file/d/1QJePDuHIgv03pfLPVYKnM-M0lfDuVSEw/view?usp=drivesdk
2747,WB 87 Ave between 119 St - Sask Dr,50,Higher Frequency of Speeding;,53.52296101,-113.53828283,"(53.52296101327501, -113.538282829441)",https://drive.google.com/file/d/1zmVNQlyYhi2mzMOrWHrsDs8fs_2-MexI/view?usp=drivesdk
4057,SB 88A St btwn 150 - 144 Ave,30,Designated Zone - Playground;,53.60854424,-113.47671715,"(53.60854424432804, -113.4767171498892)",https://drive.google.com/file/d/16cAP4XxiVL8FgyKoy3FlImnWqUNqkb0J/view?usp=drivesdk
4287,EB 89 Ave btwn 71 - 68A St,30,Designated Zone - Playground;,53.52426331,-113.43455841,"(53.524263308348594, -113.43455840979578)",https://drive.google.com/file/d/1UhyG7s2mf8MJHBf3FzewBxHdI5Knxq2a/view?usp=drivesdk
2640,SB Scona Rd between 95A - 94 Ave,50,Higher Frequency of Speeding;,53.53207745,-113.48565345,"(53.53207744660417, -113.48565344673995)",https://drive.google.com/file/d/1I05Bj1SFmxUYCJQAQBAkC7jtYZKqxm6G/view?usp=drivesdk
4192,WB 40 Ave Btwn 115 A - 119 St,30,Designated Zone - Playground;,53.47639220,-113.53521476,"(53.476392198869945, -113.53521476035824)",https://drive.google.com/file/d/18bUtuCAxaY4reXxxhQN63N-80NaoNRFy/view?usp=drivesdk
4069,NB Mill Woods Rd btwn 28 Ave - S of Lakewood Rd N,30,Designated Zone - Playground;,53.45993511,-113.44814155,"(53.459935105800724, -113.44814155058936)",https://drive.google.com/file/d/1FV9C8WNz16t6HBxYEOQ8DgSZfUjwk0Rl/view?usp=drivesdk
4156,NB Capilano St Btwn 107 Ave - 65 St,30,Designated Zone - Playground;,53.55478230,-113.42478294,"(53.55478230163285, -113.4247829407559)",https://drive.google.com/file/d/1iqxkFX3R_s3IWLwby5IfwyCLZr6K91KF/view?usp=drivesdk
7206,WB Stony Plain Rd between 178 - 182 St,60,Higher Frequency of Speeding;,53.54139990,-113.63192095,"(53.541399898423414, -113.63192094524169)",https://drive.google.com/file/d/1_NHXhVileu10qCKgcn4ZAZXZ1MxMobmN/view?usp=drivesdk
4014,EB 132 Ave btwn 88 - 86 St,30,Designated Zone - Playground;,53.59217056,-113.47441624,"(53.592170557531134, -113.47441623584442)",https://drive.google.com/file/d/1DlJ5tAVfPIYweNLqZtvQTlhDrIJJS4iI/view?usp=drivesdk
7262,WB 82 Ave between 91 - 95A St,50,Higher Frequency of Speeding; Higher Frequency of Collisions;,53.51807393,-113.47154945,"(53.51807393497395, -113.47154944892714)",https://drive.google.com/file/d/1jxwv21mGRcPZH6n_wTrCp2zjMTa26puh/view?usp=drivesdk
4118,SB 96 St N of 68 - 66 Ave,30,Designated Zone - Playground;,53.50388979,-113.47644333,"(53.50388978832921, -113.47644332823747)",https://drive.google.com/file/d/1DLDgFSRWbS-bds8eIEhTvBgehQ9MRraU/view?usp=drivesdk
2504,EB 82 Ave between 98 - 97 St,50,Higher Frequency of Speeding; Higher Frequency of Collisions;,53.51798620,-113.48126114,"(53.517986201885456, -113.48126113559385)",https://drive.google.com/file/d/18jsoU1Bb4fUX0XDCFfrlsnnlFHgh4aAy/view?usp=drivesdk
4034,SB 115 St btwn 48 - 46 Ave,30,Designated Zone - Playground;,53.48478059,-113.52881315,"(53.484780586037935, -113.52881315404674)",https://drive.google.com/file/d/1ek-u3WI0QhIvivLGlKl13SZggV_gn5NH/view?usp=drivesdk
